{"cameraMode":{"drawMode":0,"name":"Shaded","section":"Shading Mode"},"sceneLighting":true,"audioPlay":false,"sceneViewState":{"m_AlwaysRefresh":false,"showFog":true,"showSkybox":false,"showFlares":true,"showImageEffects":true,"showParticleSystems":true,"showVisualEffectGraphs":true,"m_FxEnabled":true},"in2DMode":false,"pivot":{"x":0.15287208557128907,"y":6.430000305175781,"z":0.11900043487548828},"rotation":{"x":-0.17399895191192628,"y":-0.7433066368103027,"z":0.21198943257331849,"w":-0.6101651787757874},"size":36.80979919433594,"orthographic":false}