{"cameraMode":{"drawMode":0,"name":"Shaded","section":"Shading Mode"},"sceneLighting":true,"audioPlay":false,"sceneViewState":{"m_AlwaysRefresh":false,"showFog":true,"showSkybox":true,"showFlares":true,"showImageEffects":true,"showParticleSystems":true,"showVisualEffectGraphs":true,"m_FxEnabled":true},"in2DMode":false,"pivot":{"x":0.5787568092346191,"y":1.4811749458312989,"z":-1.4610953330993653},"rotation":{"x":0.00364718702621758,"y":-0.9234477877616882,"z":0.008566724136471749,"w":0.38373371958732607},"size":6.782822608947754,"orthographic":false}